blockNumber,timeStamp,hash,nonce,blockHash,from,contractAddress,to,value,tokenName,tokenSymbol,tokenDecimal,transactionIndex,gas,gasPrice,gasUsed,cumulativeGasUsed,input,confirmations
2228258,2016-09-09 11:13:12,0x5f2cd76fd3656686e356bc02cc91d8d0726a16936fd08e67ed30467053225a86,10,0x466dbced0a98e1b0490f787b51570850c8347960a4e92bd89acf85299e4cb9dc,0x4e83362442b8d1bec281594cea3050c8eb01311c,0xecf8f87f810ecf450940c9f60066b4a7a501d6a7,0xac75b73394c329376c214663d92156afa864a77f,101000000000000000000,,,1,10,1000000,20000000000,93657,684715,deprecated,15039907
2228258,2016-09-09 11:13:12,0x5f2cd76fd3656686e356bc02cc91d8d0726a16936fd08e67ed30467053225a86,10,0x466dbced0a98e1b0490f787b51570850c8347960a4e92bd89acf85299e4cb9dc,0x4e83362442b8d1bec281594cea3050c8eb01311c,0xecf8f87f810ecf450940c9f60066b4a7a501d6a7,0xab8d8b74f202f4cd4a918b65da4bac612e086ee7,3000000000000000000,,,1,10,1000000,20000000000,93657,684715,deprecated,15039907
2231007,2016-09-09 22:04:36,0x48b667b0d84c28e61fe3b5c8c8ba25d848d1b08a646ca79bcbb87475427e2129,251,0x513be6f5e2af2f9f8912767a3f1b9a96edd4251a069649dbfb324d8ac002f48c,0xac75b73394c329376c214663d92156afa864a77f,0xecf8f87f810ecf450940c9f60066b4a7a501d6a7,0x4e83362442b8d1bec281594cea3050c8eb01311c,104000000000000000000,,,1,5,1000000,22723508918,93721,199121,deprecated,15037158
2240334,2016-09-11 10:59:06,0x48ca19e7184f5cb923f2a11769dbf7d5e28c80a8c93e973a96bb2d0a5897bbc6,12,0x43648e9dfd01ba42a177e1d2b1037395d8946a683bb5ce626de2168b27c7915b,0x4e83362442b8d1bec281594cea3050c8eb01311c,0xecf8f87f810ecf450940c9f60066b4a7a501d6a7,0xe7b4dba7370f773888d197600d9955a7cc6e0015,180000000000000000000,,,1,4,1000000,20000000000,93721,196143,deprecated,15027831
2240334,2016-09-11 10:59:06,0x48ca19e7184f5cb923f2a11769dbf7d5e28c80a8c93e973a96bb2d0a5897bbc6,12,0x43648e9dfd01ba42a177e1d2b1037395d8946a683bb5ce626de2168b27c7915b,0x4e83362442b8d1bec281594cea3050c8eb01311c,0xecf8f87f810ecf450940c9f60066b4a7a501d6a7,0xab8d8b74f202f4cd4a918b65da4bac612e086ee7,4000000000000000000,,,1,4,1000000,20000000000,93721,196143,deprecated,15027831
2240919,2016-09-11 13:20:19,0x92a3f483d5ee972616308ef191b5c34e382ff202f789e01ce2a37053cc439442,44,0x499b44f00e4245969333076de4c4cbe8447ef0437548f4f165092504c96472d0,0xf72c8b922cfee4d14c0e9d84ab43747c70d13e5a,0xecf8f87f810ecf450940c9f60066b4a7a501d6a7,0x4e83362442b8d1bec281594cea3050c8eb01311c,184000000000000000000,,,1,6,1000000,20000000000,93721,226746,deprecated,15027246
2498758,2016-10-24 07:09:22,0x7e63a4768f73944dda11f5f1d45ea295ba84053186c60a85961c0ab2ff192ab7,14,0x43df42cecea4c1f3f73ba89ab2ee89d6d68f2babd63da2e9b2847e045ca1b365,0x4e83362442b8d1bec281594cea3050c8eb01311c,0xecf8f87f810ecf450940c9f60066b4a7a501d6a7,0xbab390b7e06701f9fb32175e1ef3cd9669cd74a2,299900000000000000000,,,1,18,1000000,24668008827,165721,1019316,deprecated,14769407
2551554,2016-11-02 03:27:50,0xa9a4dd5b4e0229b54024344d8691f7e30a3036fd4dbbdaba1a24a5ec8949d762,17,0xc88c2ce8c770e28b654df12967e64e2175a2e4fcfbb256dc75a5f663452c5593,0x60b26ea3169ef5d052588ed0b21a4f9b431500e7,0xc66ea802717bfb9833400264dd12c2bceaa34a6d,0x4e83362442b8d1bec281594cea3050c8eb01311c,999999999999999999,MKR,MKR,18,5,1000000,20000000000,143443,264577,deprecated,14716611
2551856,2016-11-02 04:38:07,0x99b8812fe429dd47d745bfddab40a1069e15289d47df2d5ed2456f3d149d7f00,21,0x6cdbc96849c51ba7f105e5bd85c9e98f32d5b9b71d915121658b9fcf8474694c,0x60b26ea3169ef5d052588ed0b21a4f9b431500e7,0xc66ea802717bfb9833400264dd12c2bceaa34a6d,0x4e83362442b8d1bec281594cea3050c8eb01311c,301929292929292929293,MKR,MKR,18,8,1000000,20434435254,79421,400200,deprecated,14716309
2552057,2016-11-02 05:22:35,0x20656b220b5efef72913ea9e5eb3a4efc1e6e6dc6de8811928dfb550a3535278,17,0x7348fd9089571282eb52725e3313b50263da0650601d10aa2d4c3290dd059d05,0x4e83362442b8d1bec281594cea3050c8eb01311c,0xecf8f87f810ecf450940c9f60066b4a7a501d6a7,0xbab390b7e06701f9fb32175e1ef3cd9669cd74a2,100000000000000000000,,,1,5,1000000,20000000000,165593,318465,deprecated,14716108
2552061,2016-11-02 05:24:01,0x94f49b42801630cadb6b32c0a728f6d08c0271a31aef35cb5970fe5ed76de5ae,18,0xcb5e75294dfe85a813774cf802865f211d84d3f6483b129a7028a78e8145b6ed,0x4e83362442b8d1bec281594cea3050c8eb01311c,0xecf8f87f810ecf450940c9f60066b4a7a501d6a7,0xbab390b7e06701f9fb32175e1ef3cd9669cd74a2,100000000000000000000,,,1,15,1000000,20000000000,165657,598579,deprecated,14716104
2565023,2016-11-04 09:34:18,0x35608108146a4332924504e1392d0c5a8ec4ad9412f508bf414823ae96833482,279,0x78b5d20d613922367d629c5e782fc4926cf2c20d4e42cc5116d3b3b945773e1c,0xbab390b7e06701f9fb32175e1ef3cd9669cd74a2,0xecf8f87f810ecf450940c9f60066b4a7a501d6a7,0x4e83362442b8d1bec281594cea3050c8eb01311c,100000000000000000000,,,1,2,1000000,20000000000,48836,90836,deprecated,14703142
2565282,2016-11-04 10:33:07,0xbbced7ede15d450f639caef77b681772f545f2b484c44ab7a494ca283667d44e,298,0xf5eccd62e53ed1c5a2b5d23dcdd0418f2f3806fd80c097f42048196aa5e9f07a,0xbab390b7e06701f9fb32175e1ef3cd9669cd74a2,0xecf8f87f810ecf450940c9f60066b4a7a501d6a7,0x4e83362442b8d1bec281594cea3050c8eb01311c,100000000000000000000,,,1,5,1000000,20000000000,48836,357038,deprecated,14702883
2626036,2016-11-14 09:59:32,0xc6747414457afb1398299b72ec74896f72056510a5c927cdebe6bb31b87a723a,20,0x1f2f6e0b822f62ed3b673dda583aa35f9bcd8ad8179ddc737f9fb034ff33d12c,0x4e83362442b8d1bec281594cea3050c8eb01311c,0xecf8f87f810ecf450940c9f60066b4a7a501d6a7,0x37d65ca0754f12c7eec1c86b0915fba9fcbda131,150600000000000000000,,,1,1,1000000,21055487796,165695,231316,deprecated,14642129
2626748,2016-11-14 12:50:40,0x4c977f9d8084d4252d5c037ffca48f1e456885e0090bc7af01b53e398339fad6,110,0x0d7252c3410a3715dace346d667cbff946307f26634d633861b72c385ca1d4d7,0x36812d2395c9c97dbfe15e7ae16e881483539656,0xc66ea802717bfb9833400264dd12c2bceaa34a6d,0x4e83362442b8d1bec281594cea3050c8eb01311c,104117000000000000000,MKR,MKR,18,7,1000000,22975419531,113571,794023,deprecated,14641417
2630703,2016-11-15 04:23:32,0x676a08d01c90b131a21dc574c28187e6f4c3c9b58891849c91b72f7534cd1190,36,0xb1733b1f5f6381f72e3db2c08d8e611302107a33eabfb401fb7dd9dd0c91b84c,0xbc539eee7dfc39a4acf93b6dd789052d08c269f6,0xc66ea802717bfb9833400264dd12c2bceaa34a6d,0x4e83362442b8d1bec281594cea3050c8eb01311c,195883000000000000000,MKR,MKR,18,5,1000000,22135098607,71953,320144,deprecated,14637462
2728141,2016-12-01 08:35:56,0x600a8445568809c39b7264c7570c2907bee319af44b50985afe26cc80d7c5e15,23,0xee78ff06717c79a6abe2e10b21be4b82cf3a0d308484c49090fa91a177fbd927,0x4e83362442b8d1bec281594cea3050c8eb01311c,0xecf8f87f810ecf450940c9f60066b4a7a501d6a7,0x1f5006dff7e123d550abc8a4c46792518401fcaf,128405000000000000000,,,1,3,1000000,20000000000,166119,301655,deprecated,14540024
2728200,2016-12-01 08:50:35,0xfe8011d09077de60d65a04c1a97de825e260ea26847b23e750455d398591e96b,25,0xd8e69a7fc60ce59ec31f0c1ff172b2aef937ca95790494bc87ce2859234704f4,0x4e83362442b8d1bec281594cea3050c8eb01311c,0xc66ea802717bfb9833400264dd12c2bceaa34a6d,0x1f5006dff7e123d550abc8a4c46792518401fcaf,99120000000000000000,MKR,MKR,18,15,1000000,20000000000,193811,618122,deprecated,14539965
2728200,2016-12-01 08:50:35,0xba8128275e5a3743d4aaabe92f6491d5dbbac918ecd3a86b71d5b9b22ef0ac2c,26,0xd8e69a7fc60ce59ec31f0c1ff172b2aef937ca95790494bc87ce2859234704f4,0x4e83362442b8d1bec281594cea3050c8eb01311c,0xc66ea802717bfb9833400264dd12c2bceaa34a6d,0x1f5006dff7e123d550abc8a4c46792518401fcaf,101500000000000000000,MKR,MKR,18,20,1000000,20000000000,193875,928585,deprecated,14539965
2728200,2016-12-01 08:50:35,0x12b96a7bf457e886625f206c8a6b386b6bcaf69d48aaf2563e8abbbd166ba18b,27,0xd8e69a7fc60ce59ec31f0c1ff172b2aef937ca95790494bc87ce2859234704f4,0x4e83362442b8d1bec281594cea3050c8eb01311c,0xc66ea802717bfb9833400264dd12c2bceaa34a6d,0x1f5006dff7e123d550abc8a4c46792518401fcaf,78000000000000000000,MKR,MKR,18,22,1000000,20000000000,193811,1143396,deprecated,14539965
2728200,2016-12-01 08:50:35,0xf0d39b9ba043c483fdcc740394c357b5371cb27d6f59a6531d01d3715a7c8027,28,0xd8e69a7fc60ce59ec31f0c1ff172b2aef937ca95790494bc87ce2859234704f4,0x4e83362442b8d1bec281594cea3050c8eb01311c,0xc66ea802717bfb9833400264dd12c2bceaa34a6d,0x1f5006dff7e123d550abc8a4c46792518401fcaf,107560000000000000000,MKR,MKR,18,28,1000000,20000000000,193875,1474859,deprecated,14539965
2728200,2016-12-01 08:50:35,0xb0a7c8c6965fc39ec64f6c02fa5a8105c2beb98fec71158df682caf0206870a0,29,0xd8e69a7fc60ce59ec31f0c1ff172b2aef937ca95790494bc87ce2859234704f4,0x4e83362442b8d1bec281594cea3050c8eb01311c,0xc66ea802717bfb9833400264dd12c2bceaa34a6d,0x1f5006dff7e123d550abc8a4c46792518401fcaf,24320000000000000000,MKR,MKR,18,30,1000000,20000000000,193875,1689734,deprecated,14539965
2728213,2016-12-01 08:53:14,0x94a44e3ffcb05aea0d610c21eabf15de2a58fb9bedaeadd5f79b96b15c11029b,30,0xcfc15bfeb39ec0478b78f8e423c17dfbfbd0ef76c34afc845d092758811285b8,0x4e83362442b8d1bec281594cea3050c8eb01311c,0xc66ea802717bfb9833400264dd12c2bceaa34a6d,0x1f5006dff7e123d550abc8a4c46792518401fcaf,102000000000000000000,MKR,MKR,18,8,1000000,20000000000,193875,392870,deprecated,14539952
2728229,2016-12-01 08:56:45,0xdb0474fd232994a6fac1443ae42442e46ac3efab73a81f424a6623cae6ec130b,31,0x4b173a4f9718e839f4ae1fe12ece06e9d5a59d91da5e4a14136209972a43c16d,0x4e83362442b8d1bec281594cea3050c8eb01311c,0xecf8f87f810ecf450940c9f60066b4a7a501d6a7,0x1f5006dff7e123d550abc8a4c46792518401fcaf,18400000000000000000,,,1,7,1000000,20000000000,165991,329285,deprecated,14539936
2728238,2016-12-01 08:59:34,0x18df2b77bd5a03041db31efb2c036e14fe048657900dfbbde02523735b6df99b,32,0x5461a6f7d2e5478e7bd473cdae629be62d70a67bc220d60efb1c810ea530aff0,0x1f5006dff7e123d550abc8a4c46792518401fcaf,0xecf8f87f810ecf450940c9f60066b4a7a501d6a7,0x4e83362442b8d1bec281594cea3050c8eb01311c,18400000000000000000,,,1,4,1000000,20000000000,49474,185990,deprecated,14539927
2728238,2016-12-01 08:59:34,0xa1b3ee3fc304e0f6a224324b3bf698d9c6005bb9f5494d46046ec9fc4f5b91e1,33,0x5461a6f7d2e5478e7bd473cdae629be62d70a67bc220d60efb1c810ea530aff0,0x4e83362442b8d1bec281594cea3050c8eb01311c,0xecf8f87f810ecf450940c9f60066b4a7a501d6a7,0x1f5006dff7e123d550abc8a4c46792518401fcaf,18436800000000000000,,,1,29,1000000,20000000000,165991,1063546,deprecated,14539927
2728245,2016-12-01 09:00:54,0x317ebd12e30642c91d5b220c47529f3b5014fdeb3254d9534cb952dcf71bd681,34,0xcb3511ef9ecda57a8cfd4fb275ae5b35e4cd15511898dfd1d82ed3812ded1a71,0x1f5006dff7e123d550abc8a4c46792518401fcaf,0xecf8f87f810ecf450940c9f60066b4a7a501d6a7,0x4e83362442b8d1bec281594cea3050c8eb01311c,18436800000000000000,,,1,6,1000000,20000000000,49474,303543,deprecated,14539920
2728245,2016-12-01 09:00:54,0x260640dc30c5ab743e60995f54c7763c22261d451dde2c34695c07b3b46e2075,35,0xcb3511ef9ecda57a8cfd4fb275ae5b35e4cd15511898dfd1d82ed3812ded1a71,0x4e83362442b8d1bec281594cea3050c8eb01311c,0xecf8f87f810ecf450940c9f60066b4a7a501d6a7,0xab8d8b74f202f4cd4a918b65da4bac612e086ee7,37000000000000000001,,,1,11,1000000,20000000000,68059,500434,deprecated,14539920
2728245,2016-12-01 09:00:54,0x260640dc30c5ab743e60995f54c7763c22261d451dde2c34695c07b3b46e2075,35,0xcb3511ef9ecda57a8cfd4fb275ae5b35e4cd15511898dfd1d82ed3812ded1a71,0x1f5006dff7e123d550abc8a4c46792518401fcaf,0xc66ea802717bfb9833400264dd12c2bceaa34a6d,0x4e83362442b8d1bec281594cea3050c8eb01311c,73412698412698412699,MKR,MKR,18,11,1000000,20000000000,68059,500434,deprecated,14539920
2728245,2016-12-01 09:00:54,0xc4cb68ab7c76c039d3feb2734be368ea634653595caca13db6e0691f65311e90,36,0xcb3511ef9ecda57a8cfd4fb275ae5b35e4cd15511898dfd1d82ed3812ded1a71,0x4e83362442b8d1bec281594cea3050c8eb01311c,0xecf8f87f810ecf450940c9f60066b4a7a501d6a7,0x210712fabff7db7fbbef66e6c461d980fe199d03,102000000000000000000,,,1,16,1000000,20000000000,67995,715455,deprecated,14539920
2728245,2016-12-01 09:00:54,0xc4cb68ab7c76c039d3feb2734be368ea634653595caca13db6e0691f65311e90,36,0xcb3511ef9ecda57a8cfd4fb275ae5b35e4cd15511898dfd1d82ed3812ded1a71,0x1f5006dff7e123d550abc8a4c46792518401fcaf,0xc66ea802717bfb9833400264dd12c2bceaa34a6d,0x4e83362442b8d1bec281594cea3050c8eb01311c,200000000000000000000,MKR,MKR,18,16,1000000,20000000000,67995,715455,deprecated,14539920
2728248,2016-12-01 09:01:34,0x649a612a0aadc87be65f31db630ae96bb6a6e450a02daf5995bd758972511652,37,0xe1d11a21fba9406f85e81d09dff135c065180533e217d642fcb648bdddf1bb9e,0x4e83362442b8d1bec281594cea3050c8eb01311c,0xecf8f87f810ecf450940c9f60066b4a7a501d6a7,0xd0b20d1d9c2abefbae785c7a5a024965955b38fa,29122680000000000002,,,1,4,1000000,20000000000,68059,161475,deprecated,14539917
2728248,2016-12-01 09:01:34,0x649a612a0aadc87be65f31db630ae96bb6a6e450a02daf5995bd758972511652,37,0xe1d11a21fba9406f85e81d09dff135c065180533e217d642fcb648bdddf1bb9e,0x1f5006dff7e123d550abc8a4c46792518401fcaf,0xc66ea802717bfb9833400264dd12c2bceaa34a6d,0x4e83362442b8d1bec281594cea3050c8eb01311c,56005153846153846155,MKR,MKR,18,4,1000000,20000000000,68059,161475,deprecated,14539917
2728257,2016-12-01 09:03:33,0x887f5431a81f31cff73fff40e1405060a0e5d23ffc736ad65790bc4d5d089eaa,38,0xc4ac7ee246367006271333b857e7d7d4d6c91e78fc62c5e219a3df367e9306a3,0x4e83362442b8d1bec281594cea3050c8eb01311c,0xecf8f87f810ecf450940c9f60066b4a7a501d6a7,0x210712fabff7db7fbbef66e6c461d980fe199d03,110000000000000000000,,,1,2,1000000,20000000000,67995,109995,deprecated,14539908
2728257,2016-12-01 09:03:33,0x887f5431a81f31cff73fff40e1405060a0e5d23ffc736ad65790bc4d5d089eaa,38,0xc4ac7ee246367006271333b857e7d7d4d6c91e78fc62c5e219a3df367e9306a3,0x1f5006dff7e123d550abc8a4c46792518401fcaf,0xc66ea802717bfb9833400264dd12c2bceaa34a6d,0x4e83362442b8d1bec281594cea3050c8eb01311c,200000000000000000000,MKR,MKR,18,2,1000000,20000000000,67995,109995,deprecated,14539908
2728257,2016-12-01 09:03:33,0x8b6c93f455c5a461cfb298b262fb4e3036addc2220f7a687d22417cb696db4a8,39,0xc4ac7ee246367006271333b857e7d7d4d6c91e78fc62c5e219a3df367e9306a3,0x4e83362442b8d1bec281594cea3050c8eb01311c,0xecf8f87f810ecf450940c9f60066b4a7a501d6a7,0xc351a9d6337f919530df75e6518940077e865053,72800000000000000000,,,1,3,1000000,20000000000,67963,177958,deprecated,14539908
2728257,2016-12-01 09:03:33,0x8b6c93f455c5a461cfb298b262fb4e3036addc2220f7a687d22417cb696db4a8,39,0xc4ac7ee246367006271333b857e7d7d4d6c91e78fc62c5e219a3df367e9306a3,0x1f5006dff7e123d550abc8a4c46792518401fcaf,0xc66ea802717bfb9833400264dd12c2bceaa34a6d,0x4e83362442b8d1bec281594cea3050c8eb01311c,130000000000000000000,MKR,MKR,18,3,1000000,20000000000,67963,177958,deprecated,14539908
2728259,2016-12-01 09:04:07,0xc24b531e449ac423c883b95e09bc0c3ff16431bfd6120ca9fc7bd9c4b790ef8a,40,0xa49a67939d1f99c15126125c8eae2248f1c41a72cc11b9e20d7dfdf1c8297744,0x4e83362442b8d1bec281594cea3050c8eb01311c,0xecf8f87f810ecf450940c9f60066b4a7a501d6a7,0xdeaa2e18867c2c620e13c895d6200ed096d01d6b,59000000000000000000,,,1,6,1000000,20000000000,67995,234748,deprecated,14539906
2728259,2016-12-01 09:04:07,0xc24b531e449ac423c883b95e09bc0c3ff16431bfd6120ca9fc7bd9c4b790ef8a,40,0xa49a67939d1f99c15126125c8eae2248f1c41a72cc11b9e20d7dfdf1c8297744,0x1f5006dff7e123d550abc8a4c46792518401fcaf,0xc66ea802717bfb9833400264dd12c2bceaa34a6d,0x4e83362442b8d1bec281594cea3050c8eb01311c,100000000000000000000,MKR,MKR,18,6,1000000,20000000000,67995,234748,deprecated,14539906
2728271,2016-12-01 09:07:09,0x2fde2ff63de6c7af24ee7c841d18f2ef28c44905c9daf9965abe013965d61951,41,0xb5621acc5dbcfd9e1a81b7bdb230dee405e62a3b7cd595ffa8b074e10ac5f266,0x4e83362442b8d1bec281594cea3050c8eb01311c,0xecf8f87f810ecf450940c9f60066b4a7a501d6a7,0xf9dff387dcb5cc4cca5b91adb07a95f54e9f1bb6,1380000000000000000000,,,1,1,1000000,20000000000,67995,107274,deprecated,14539894
2728271,2016-12-01 09:07:09,0x2fde2ff63de6c7af24ee7c841d18f2ef28c44905c9daf9965abe013965d61951,41,0xb5621acc5dbcfd9e1a81b7bdb230dee405e62a3b7cd595ffa8b074e10ac5f266,0x1f5006dff7e123d550abc8a4c46792518401fcaf,0xc66ea802717bfb9833400264dd12c2bceaa34a6d,0x4e83362442b8d1bec281594cea3050c8eb01311c,2300000000000000000000,MKR,MKR,18,1,1000000,20000000000,67995,107274,deprecated,14539894
2728271,2016-12-01 09:07:09,0x5fe754fbbf43d1627a8824c6b2da96beb7e5d42387f872908e5a07c7b34096e8,42,0xb5621acc5dbcfd9e1a81b7bdb230dee405e62a3b7cd595ffa8b074e10ac5f266,0x4e83362442b8d1bec281594cea3050c8eb01311c,0xecf8f87f810ecf450940c9f60066b4a7a501d6a7,0xc351a9d6337f919530df75e6518940077e865053,150000000000000000000,,,1,14,1000000,20000000000,67995,641827,deprecated,14539894
2728271,2016-12-01 09:07:09,0x5fe754fbbf43d1627a8824c6b2da96beb7e5d42387f872908e5a07c7b34096e8,42,0xb5621acc5dbcfd9e1a81b7bdb230dee405e62a3b7cd595ffa8b074e10ac5f266,0x1f5006dff7e123d550abc8a4c46792518401fcaf,0xc66ea802717bfb9833400264dd12c2bceaa34a6d,0x4e83362442b8d1bec281594cea3050c8eb01311c,200000000000000000000,MKR,MKR,18,14,1000000,20000000000,67995,641827,deprecated,14539894
2728271,2016-12-01 09:07:09,0x8adaf44a6a3511afa48d3829693f8451442c19c9bdd080e30c671d24b46f4459,43,0xb5621acc5dbcfd9e1a81b7bdb230dee405e62a3b7cd595ffa8b074e10ac5f266,0x4e83362442b8d1bec281594cea3050c8eb01311c,0xecf8f87f810ecf450940c9f60066b4a7a501d6a7,0xc351a9d6337f919530df75e6518940077e865053,225000000000000000000,,,1,30,1000000,20000000000,67995,1253232,deprecated,14539894
2728271,2016-12-01 09:07:09,0x8adaf44a6a3511afa48d3829693f8451442c19c9bdd080e30c671d24b46f4459,43,0xb5621acc5dbcfd9e1a81b7bdb230dee405e62a3b7cd595ffa8b074e10ac5f266,0x1f5006dff7e123d550abc8a4c46792518401fcaf,0xc66ea802717bfb9833400264dd12c2bceaa34a6d,0x4e83362442b8d1bec281594cea3050c8eb01311c,250000000000000000000,MKR,MKR,18,30,1000000,20000000000,67995,1253232,deprecated,14539894
2728282,2016-12-01 09:08:36,0x8d53526e5d55deeaeacfdd9bc27435a2fbea18d545de35b998260089d88cd8fb,45,0xbb4c154e2d0db707e95bd657ad3f36e5c1d39c47199a2f5b71f3ef860bd9ed89,0x4e83362442b8d1bec281594cea3050c8eb01311c,0xc66ea802717bfb9833400264dd12c2bceaa34a6d,0x1f5006dff7e123d550abc8a4c46792518401fcaf,73000000000000000000,MKR,MKR,18,3,1000000,20000000000,193875,269446,deprecated,14539883
2728284,2016-12-01 09:09:27,0x21de126d3dd25e96d5a5dde54fd7f44df5057a4b54d2bccda6705762e71d4b4f,46,0x1c65d4cf87ac5dea4bf737816c06745775f2c152d08bbe9bacd8477442d09d9d,0x4e83362442b8d1bec281594cea3050c8eb01311c,0xc66ea802717bfb9833400264dd12c2bceaa34a6d,0x1f5006dff7e123d550abc8a4c46792518401fcaf,11000000000000000000,MKR,MKR,18,10,1000000,20000000000,193811,477795,deprecated,14539881
2728287,2016-12-01 09:10:19,0x8327d85dda5daac47fc7bb0384c58bf0515aaecb7085395fa4c29b2aa185bc01,47,0xc0188bc71655089b3159ef801d49f916ce718bfccf5c97d285795e260f059bbb,0x4e83362442b8d1bec281594cea3050c8eb01311c,0xc66ea802717bfb9833400264dd12c2bceaa34a6d,0x1f5006dff7e123d550abc8a4c46792518401fcaf,110000000000000000000,MKR,MKR,18,7,1000000,20000000000,193875,567321,deprecated,14539878
2728290,2016-12-01 09:10:29,0xe31d54d4d7d5f0c63f2fe1a333ca46a5f724a76c9f6dba2e3d6a54fd9779daa4,48,0x1802ea531bf025b0dc29a788132052fbdc8e5a5a0fd5951cadb9873c5580b76e,0x4e83362442b8d1bec281594cea3050c8eb01311c,0xc66ea802717bfb9833400264dd12c2bceaa34a6d,0x1f5006dff7e123d550abc8a4c46792518401fcaf,27000000000000000000,MKR,MKR,18,1,1000000,20000000000,193875,231169,deprecated,14539875
2728296,2016-12-01 09:12:12,0x9c902bdcd8be2c9d781a89cd8c4981197e8d55d31181ca74a8eae9e5a1a7ad8e,49,0x6f5006cbd1d6b00d2fcc9542f61ff24f687976662dca1cb452fabde642e474d4,0x4e83362442b8d1bec281594cea3050c8eb01311c,0xc66ea802717bfb9833400264dd12c2bceaa34a6d,0x1f5006dff7e123d550abc8a4c46792518401fcaf,212000000000000000000,MKR,MKR,18,6,1000000,20000000000,193875,538824,deprecated,14539869
2728296,2016-12-01 09:12:12,0x42f47591492c398fa83368242a77c3352b72d6b2d948e0cb2872bc1ab47b5050,50,0x6f5006cbd1d6b00d2fcc9542f61ff24f687976662dca1cb452fabde642e474d4,0x4e83362442b8d1bec281594cea3050c8eb01311c,0xc66ea802717bfb9833400264dd12c2bceaa34a6d,0x1f5006dff7e123d550abc8a4c46792518401fcaf,22000000000000000000,MKR,MKR,18,9,1000000,20000000000,193875,791057,deprecated,14539869
2728296,2016-12-01 09:12:12,0x2ca7e3a422c920a5ca3cd9de17aae217e1d568a42205f6de3add583f06104818,51,0x6f5006cbd1d6b00d2fcc9542f61ff24f687976662dca1cb452fabde642e474d4,0x4e83362442b8d1bec281594cea3050c8eb01311c,0xc66ea802717bfb9833400264dd12c2bceaa34a6d,0x1f5006dff7e123d550abc8a4c46792518401fcaf,321000000000000000000,MKR,MKR,18,12,1000000,20000000000,193875,1058162,deprecated,14539869
2728305,2016-12-01 09:13:59,0xf4ca3c42721df0936a980c734e830cb78a14d57ef86429424010642b43713eb9,52,0x58760715ad3eaa4abed81696f9e1ba8e861a2c3f897d86d86e54ddf643392ea8,0x4e83362442b8d1bec281594cea3050c8eb01311c,0xc66ea802717bfb9833400264dd12c2bceaa34a6d,0x1f5006dff7e123d550abc8a4c46792518401fcaf,118000000000000000000,MKR,MKR,18,5,1000000,20000000000,193875,298875,deprecated,14539860
2728305,2016-12-01 09:13:59,0x69116d44c49550bacb493efbdd7c86507dc81dc45eafe0331fe6744243218fdb,53,0x58760715ad3eaa4abed81696f9e1ba8e861a2c3f897d86d86e54ddf643392ea8,0x4e83362442b8d1bec281594cea3050c8eb01311c,0xc66ea802717bfb9833400264dd12c2bceaa34a6d,0x1f5006dff7e123d550abc8a4c46792518401fcaf,104000000000000000000,MKR,MKR,18,8,1000000,20000000000,193811,550980,deprecated,14539860
2728305,2016-12-01 09:13:59,0xf9126ef0bffd46a9aa3440e5195c45b615a165cab9a4ee78e5718751b750a257,54,0x58760715ad3eaa4abed81696f9e1ba8e861a2c3f897d86d86e54ddf643392ea8,0x4e83362442b8d1bec281594cea3050c8eb01311c,0xc66ea802717bfb9833400264dd12c2bceaa34a6d,0x1f5006dff7e123d550abc8a4c46792518401fcaf,178000000000000000000,MKR,MKR,18,13,1000000,20000000000,193875,861443,deprecated,14539860
2728306,2016-12-01 09:14:10,0x4cef2028892ba3608d3ff78318107d52564c4f867583b30906e87fb04c9d2e4e,55,0x9b92a6a7ef6cc7970f9c2c9d1f9397b2f3b9084fdc2249d0cbc06958b6441491,0x4e83362442b8d1bec281594cea3050c8eb01311c,0xc66ea802717bfb9833400264dd12c2bceaa34a6d,0x1f5006dff7e123d550abc8a4c46792518401fcaf,184000000000000000000,MKR,MKR,18,2,1000000,20000000000,193875,252169,deprecated,14539859
2728309,2016-12-01 09:14:35,0x1faa4e06d996dfd0098a4ed3e5be94c80dcc4c4811ff573eeb1c2839ecacad7d,56,0x283198a11936a6dc23b74d05162a36947fef69e0c71f155617ecdbb5ab9576fe,0x4e83362442b8d1bec281594cea3050c8eb01311c,0xc66ea802717bfb9833400264dd12c2bceaa34a6d,0x1f5006dff7e123d550abc8a4c46792518401fcaf,231000000000000000000,MKR,MKR,18,0,1000000,20000000000,193875,193875,deprecated,14539856
2728312,2016-12-01 09:14:45,0xdcb8352fb0f9373047a942b2edd84fcdc221c6a8c93a7ef1522780f5a1e98491,57,0x1d0b7afd3468b7c64c2d2ba40129ebdf8f78fa69af3019e2474fdace66740ade,0x4e83362442b8d1bec281594cea3050c8eb01311c,0xc66ea802717bfb9833400264dd12c2bceaa34a6d,0x1f5006dff7e123d550abc8a4c46792518401fcaf,12000000000000000000,MKR,MKR,18,2,1000000,20000000000,193811,235891,deprecated,14539853
2728316,2016-12-01 09:15:16,0x7b448b59defd329ef4bc9ec426bfe194b45f87f2b2137304d6e32309e9773b0b,58,0xdbea79b7b8955c6eeb1ad53e296d4132520be11ada1111f1d47c9f04bc270d63,0x4e83362442b8d1bec281594cea3050c8eb01311c,0xc66ea802717bfb9833400264dd12c2bceaa34a6d,0x1f5006dff7e123d550abc8a4c46792518401fcaf,126000000000000000000,MKR,MKR,18,4,1000000,20000000000,193875,303735,deprecated,14539849
2728319,2016-12-01 09:15:27,0xf645576050bfebade1aada25526862f982e0d1917cc9680c7d4dcfd4507202a2,59,0x6d30de0c44aa5ee2ad098215c10c3f1204b6890ebc415ea3526506c6e8dabee0,0x4e83362442b8d1bec281594cea3050c8eb01311c,0xc66ea802717bfb9833400264dd12c2bceaa34a6d,0x1f5006dff7e123d550abc8a4c46792518401fcaf,122000000000000000000,MKR,MKR,18,3,1000000,20000000000,193811,256811,deprecated,14539846
2728321,2016-12-01 09:15:53,0xc1e41d3495b7f9b152acaeda7278f05aa689a9647fc601ac80a8af03e32aca81,60,0xea94038b1b681ef855b55416258e30799d1547b2341db2262278caa51d2df222,0x4e83362442b8d1bec281594cea3050c8eb01311c,0xc66ea802717bfb9833400264dd12c2bceaa34a6d,0x1f5006dff7e123d550abc8a4c46792518401fcaf,328000000000000000000,MKR,MKR,18,3,1000000,20000000000,193875,266856,deprecated,14539844
2728322,2016-12-01 09:16:19,0x7ced5decf8b0c6a5bee1d585235d8b8a42fed0245dc2ab30f66039c5fd81413d,61,0x1bde5e88889518b71974057958d6e62208f1443c5429c372b73892808a5c3af8,0x4e83362442b8d1bec281594cea3050c8eb01311c,0xc66ea802717bfb9833400264dd12c2bceaa34a6d,0x1f5006dff7e123d550abc8a4c46792518401fcaf,377000000000000000000,MKR,MKR,18,0,1000000,20000000000,193875,193875,deprecated,14539843
2728326,2016-12-01 09:17:12,0xdd2a01a6dd067e704609788cf8adb0ac78bbb8cc4d230a434d144251e7b6d48a,62,0x21524b43ff6defd41930a3dc4a09799460c259b288ecff0f21faa9c4ac5268bf,0x4e83362442b8d1bec281594cea3050c8eb01311c,0xc66ea802717bfb9833400264dd12c2bceaa34a6d,0x1f5006dff7e123d550abc8a4c46792518401fcaf,943000000000000000000,MKR,MKR,18,6,1000000,20000000000,193939,367019,deprecated,14539839
2733756,2016-12-02 06:51:36,0xa5137094023504b781ee9d66a4c8d9093e8d633a3b929477c1c8ce07db371a52,63,0x78dbfdba569480a2f2bee4b9bb1cbe22f1bdf36619a130760724fb23423bbbb9,0x1f5006dff7e123d550abc8a4c46792518401fcaf,0xecf8f87f810ecf450940c9f60066b4a7a501d6a7,0x4e83362442b8d1bec281594cea3050c8eb01311c,128405000000000000000,,,1,6,1000000,20000000000,49474,175554,deprecated,14534409
2733782,2016-12-02 06:57:35,0xfbafdefc4488242b037c9d8c95aa7f5b63660dc481fd95627cbc7dbd24fc0a34,64,0x4c9f6cdf9fe00c38957ddec4a434d7a91f708b9b6926827d7c517b52c594a88b,0x4e83362442b8d1bec281594cea3050c8eb01311c,0xecf8f87f810ecf450940c9f60066b4a7a501d6a7,0x1f5006dff7e123d550abc8a4c46792518401fcaf,158769000000000000000,,,1,0,1000000,20000000000,166119,166119,deprecated,14534383
2733985,2016-12-02 07:43:17,0x9555a40790ec809a3b8c08a3cc7f9244d7310e99169bcd956f0d53f489d49447,65,0x2837dd75f95bd132bb7170fb3e4889c9f19f81f2311a1f6b29c7ce4b1c3cd526,0x1f5006dff7e123d550abc8a4c46792518401fcaf,0xecf8f87f810ecf450940c9f60066b4a7a501d6a7,0x4e83362442b8d1bec281594cea3050c8eb01311c,158769000000000000000,,,1,1,1000000,20000000000,49474,70474,deprecated,14534180
2734014,2016-12-02 07:48:02,0xb39a797a4eff17bf83cd41ad7ac0753e5917827c80eed1d229977ab2b81be196,67,0x865211af6c16728badb609d61c72f1b6cb42dd298220de1ef5deec384e4b8f44,0x4e83362442b8d1bec281594cea3050c8eb01311c,0xecf8f87f810ecf450940c9f60066b4a7a501d6a7,0x1f5006dff7e123d550abc8a4c46792518401fcaf,159367000000000000000,,,1,1,1000000,20000000000,166119,187119,deprecated,14534151
2745890,2016-12-04 06:44:50,0x16e916ffa5547a248a398d35796e1b3ef8013620222a622059ecd474bfa829be,373,0xaf2b0975208b961e8dfea13833d7a093214c14554ca4c19f15a638c74e025895,0x1f5006dff7e123d550abc8a4c46792518401fcaf,0xc66ea802717bfb9833400264dd12c2bceaa34a6d,0x4e83362442b8d1bec281594cea3050c8eb01311c,943000000000000000000,MKR,MKR,18,49,1000000,20000000000,58840,1733082,deprecated,14522275
2745890,2016-12-04 06:44:50,0x629aca4a91b3e108f9e2356bfea8920cdc3a31a7de2d848b21e1a2188727ac0c,374,0xaf2b0975208b961e8dfea13833d7a093214c14554ca4c19f15a638c74e025895,0x1f5006dff7e123d550abc8a4c46792518401fcaf,0xc66ea802717bfb9833400264dd12c2bceaa34a6d,0x4e83362442b8d1bec281594cea3050c8eb01311c,321000000000000000000,MKR,MKR,18,50,1000000,20000000000,58840,1791922,deprecated,14522275
2745890,2016-12-04 06:44:50,0x92d7bd999132aaa2a39ac6abef479d9fb7d7f1e7efd6971353dfa9fc7256f9ad,375,0xaf2b0975208b961e8dfea13833d7a093214c14554ca4c19f15a638c74e025895,0x1f5006dff7e123d550abc8a4c46792518401fcaf,0xc66ea802717bfb9833400264dd12c2bceaa34a6d,0x4e83362442b8d1bec281594cea3050c8eb01311c,110000000000000000000,MKR,MKR,18,51,1000000,20000000000,58840,1850762,deprecated,14522275
2745890,2016-12-04 06:44:50,0xac2165734dbe3480bd65d92e2dcd6f6e6ee7c133f3ebeb7749d0f18e6bf008e4,376,0xaf2b0975208b961e8dfea13833d7a093214c14554ca4c19f15a638c74e025895,0x1f5006dff7e123d550abc8a4c46792518401fcaf,0xc66ea802717bfb9833400264dd12c2bceaa34a6d,0x4e83362442b8d1bec281594cea3050c8eb01311c,102000000000000000000,MKR,MKR,18,52,1000000,20000000000,58840,1909602,deprecated,14522275
2745891,2016-12-04 06:44:52,0xf80467e2cc51e80eb49572279bbfe176388e91a993845c59cee5563380ea2d57,377,0xb9eeda2f62055a386940cd0b066c8e508a19417b2e4723b29341f29a485f318b,0x1f5006dff7e123d550abc8a4c46792518401fcaf,0xc66ea802717bfb9833400264dd12c2bceaa34a6d,0x4e83362442b8d1bec281594cea3050c8eb01311c,24320000000000000000,MKR,MKR,18,1,1000000,20000000000,58840,93310,deprecated,14522274
2745892,2016-12-04 06:44:55,0x280ce6e6799e914a7636a1c65dccc20626ff15987a87d92b87450f9332c5f60c,378,0xd4b09fa171a249b47d4485458a273f662ec3098906fe9f67313fd797b64a3bcc,0x1f5006dff7e123d550abc8a4c46792518401fcaf,0xc66ea802717bfb9833400264dd12c2bceaa34a6d,0x4e83362442b8d1bec281594cea3050c8eb01311c,107560000000000000000,MKR,MKR,18,0,1000000,20000000000,58840,58840,deprecated,14522273
2745893,2016-12-04 06:45:01,0xa86d7d7eacb18ca5d0f817eeff6ef697c2b1323afe9a46a56ac6a44342339d39,379,0x5b0dfe6a1feca1a7cc205ba7faaa7bfe32cabf81b8100225344f254f4a14e320,0x1f5006dff7e123d550abc8a4c46792518401fcaf,0xc66ea802717bfb9833400264dd12c2bceaa34a6d,0x4e83362442b8d1bec281594cea3050c8eb01311c,78000000000000000000,MKR,MKR,18,2,1000000,20000000000,58840,100840,deprecated,14522272
2745893,2016-12-04 06:45:01,0xad6a6f26f8cad082bdf64728f5f503d9110cdafaa3c2e01ce4b8fdab796ff414,380,0x5b0dfe6a1feca1a7cc205ba7faaa7bfe32cabf81b8100225344f254f4a14e320,0x1f5006dff7e123d550abc8a4c46792518401fcaf,0xc66ea802717bfb9833400264dd12c2bceaa34a6d,0x4e83362442b8d1bec281594cea3050c8eb01311c,101500000000000000000,MKR,MKR,18,4,1000000,20000000000,58840,180680,deprecated,14522272
2745893,2016-12-04 06:45:01,0x128a1ea7f5f20c7a1b4e6d8c8d8f296e6c1a8882369cfed3ce444d031710826c,381,0x5b0dfe6a1feca1a7cc205ba7faaa7bfe32cabf81b8100225344f254f4a14e320,0x1f5006dff7e123d550abc8a4c46792518401fcaf,0xc66ea802717bfb9833400264dd12c2bceaa34a6d,0x4e83362442b8d1bec281594cea3050c8eb01311c,99120000000000000000,MKR,MKR,18,5,1000000,20000000000,58840,239520,deprecated,14522272
2745894,2016-12-04 06:45:06,0x068080ab06c70a0c044bc48209f901bf99cb6eee7348866d4152dc63b3bccb9e,382,0xbf13efbb5eea6fdf40592b6c06004e703861dabb48a41756042b1bc2b96c7c72,0x1f5006dff7e123d550abc8a4c46792518401fcaf,0xc66ea802717bfb9833400264dd12c2bceaa34a6d,0x4e83362442b8d1bec281594cea3050c8eb01311c,73000000000000000000,MKR,MKR,18,0,1000000,20000000000,58840,58840,deprecated,14522271
2745894,2016-12-04 06:45:06,0xeaa081ab08ad728b6151ee9473d19c31bd7e2a7b07c74f414314b3c14a131ca0,383,0xbf13efbb5eea6fdf40592b6c06004e703861dabb48a41756042b1bc2b96c7c72,0x1f5006dff7e123d550abc8a4c46792518401fcaf,0xc66ea802717bfb9833400264dd12c2bceaa34a6d,0x4e83362442b8d1bec281594cea3050c8eb01311c,11000000000000000000,MKR,MKR,18,3,1000000,20000000000,58840,159680,deprecated,14522271
2745895,2016-12-04 06:45:20,0x85e901a6191e571d3c1e4b50b4ad20cb2e0ac906f9d8bb086e557e946ce164f1,384,0xc974e4df927cfab3287543f8f7a4648583b96413a62cf51d5bf89c0f8a92de5f,0x1f5006dff7e123d550abc8a4c46792518401fcaf,0xc66ea802717bfb9833400264dd12c2bceaa34a6d,0x4e83362442b8d1bec281594cea3050c8eb01311c,27000000000000000000,MKR,MKR,18,6,1000000,20000000000,58840,238948,deprecated,14522270
2745895,2016-12-04 06:45:20,0xe44a6083aeacd06d7db46bc5af731263101bf3760bd580ce26bfd229b2a1d965,385,0xc974e4df927cfab3287543f8f7a4648583b96413a62cf51d5bf89c0f8a92de5f,0x1f5006dff7e123d550abc8a4c46792518401fcaf,0xc66ea802717bfb9833400264dd12c2bceaa34a6d,0x4e83362442b8d1bec281594cea3050c8eb01311c,212000000000000000000,MKR,MKR,18,13,1000000,20000000000,58840,442620,deprecated,14522270
2745895,2016-12-04 06:45:20,0xbf48de5ddc8cd5589fe59b121be1fbd721bb55cf2d288eaffb6fe0101f60901d,386,0xc974e4df927cfab3287543f8f7a4648583b96413a62cf51d5bf89c0f8a92de5f,0x1f5006dff7e123d550abc8a4c46792518401fcaf,0xc66ea802717bfb9833400264dd12c2bceaa34a6d,0x4e83362442b8d1bec281594cea3050c8eb01311c,22000000000000000000,MKR,MKR,18,16,1000000,20000000000,58840,543460,deprecated,14522270
2745898,2016-12-04 06:45:39,0x6a0fa8abc738af8c499eb98f3b62a528d231bea065130a9676df88b6c3a99271,391,0x835dbafe2f767c0dd083a31be536ca4557f464a72f703f1a8e5e8dcf63fe1b5a,0x1f5006dff7e123d550abc8a4c46792518401fcaf,0xecf8f87f810ecf450940c9f60066b4a7a501d6a7,0x4e83362442b8d1bec281594cea3050c8eb01311c,159367000000000000000,,,1,8,1000000,20000000000,49197,275571,deprecated,14522267
2745898,2016-12-04 06:45:39,0xb11b7537bca7ee178846626e27547c44ee9211f2d179de7fa71b8df692c08a75,393,0x835dbafe2f767c0dd083a31be536ca4557f464a72f703f1a8e5e8dcf63fe1b5a,0x1f5006dff7e123d550abc8a4c46792518401fcaf,0xc66ea802717bfb9833400264dd12c2bceaa34a6d,0x4e83362442b8d1bec281594cea3050c8eb01311c,118000000000000000000,MKR,MKR,18,11,1000000,20000000000,58840,404608,deprecated,14522267
2745898,2016-12-04 06:45:39,0x7770b5910b687363a221da6dba0433233fdc90b032e042f2b9cd7098edc92b0c,394,0x835dbafe2f767c0dd083a31be536ca4557f464a72f703f1a8e5e8dcf63fe1b5a,0x1f5006dff7e123d550abc8a4c46792518401fcaf,0xc66ea802717bfb9833400264dd12c2bceaa34a6d,0x4e83362442b8d1bec281594cea3050c8eb01311c,104000000000000000000,MKR,MKR,18,12,1000000,20000000000,58840,463448,deprecated,14522267
2745898,2016-12-04 06:45:39,0x51bd461b9fe1c4b7a47fb4b5ae865b73f0c3ff1396c17871653bc2668e8c87d3,395,0x835dbafe2f767c0dd083a31be536ca4557f464a72f703f1a8e5e8dcf63fe1b5a,0x1f5006dff7e123d550abc8a4c46792518401fcaf,0xc66ea802717bfb9833400264dd12c2bceaa34a6d,0x4e83362442b8d1bec281594cea3050c8eb01311c,178000000000000000000,MKR,MKR,18,13,1000000,20000000000,58840,522288,deprecated,14522267
2745900,2016-12-04 06:46:13,0x00f79731c999c01baaf284d19c57dc2e9a381dd4fc94aafed690fe31a4be6ec2,398,0xdaec875685614297a1b81c120e8a4e7b015572cdcc98a71ae579d7f2f4d57503,0x1f5006dff7e123d550abc8a4c46792518401fcaf,0xc66ea802717bfb9833400264dd12c2bceaa34a6d,0x4e83362442b8d1bec281594cea3050c8eb01311c,184000000000000000000,MKR,MKR,18,12,1000000,20000000000,58840,499382,deprecated,14522265
2745900,2016-12-04 06:46:13,0x018eda22c60b409ecd1cd24505908e9d4fb579f855d63d19427b92c6a23c029a,399,0xdaec875685614297a1b81c120e8a4e7b015572cdcc98a71ae579d7f2f4d57503,0x1f5006dff7e123d550abc8a4c46792518401fcaf,0xc66ea802717bfb9833400264dd12c2bceaa34a6d,0x4e83362442b8d1bec281594cea3050c8eb01311c,231000000000000000000,MKR,MKR,18,13,1000000,20000000000,58840,558222,deprecated,14522265
2745900,2016-12-04 06:46:13,0x3f5eaecc03c1fc7b9c97215004fa2f297898098a3e3826e10551df2dc84f933f,400,0xdaec875685614297a1b81c120e8a4e7b015572cdcc98a71ae579d7f2f4d57503,0x1f5006dff7e123d550abc8a4c46792518401fcaf,0xc66ea802717bfb9833400264dd12c2bceaa34a6d,0x4e83362442b8d1bec281594cea3050c8eb01311c,12000000000000000000,MKR,MKR,18,14,1000000,20000000000,58840,617062,deprecated,14522265
2745900,2016-12-04 06:46:13,0x750d3704fc3f1d850cd804ba86f04bbfc90684d6d783e875f06f292d0afdde4c,402,0xdaec875685614297a1b81c120e8a4e7b015572cdcc98a71ae579d7f2f4d57503,0x1f5006dff7e123d550abc8a4c46792518401fcaf,0xc66ea802717bfb9833400264dd12c2bceaa34a6d,0x4e83362442b8d1bec281594cea3050c8eb01311c,126000000000000000000,MKR,MKR,18,16,1000000,20000000000,58840,725099,deprecated,14522265
2745900,2016-12-04 06:46:13,0x57143c4b270089208b9b859aa589d77cfdd74f7a128d8ab223f5a3b3e19c3eed,404,0xdaec875685614297a1b81c120e8a4e7b015572cdcc98a71ae579d7f2f4d57503,0x1f5006dff7e123d550abc8a4c46792518401fcaf,0xc66ea802717bfb9833400264dd12c2bceaa34a6d,0x4e83362442b8d1bec281594cea3050c8eb01311c,122000000000000000000,MKR,MKR,18,18,1000000,20000000000,58840,833136,deprecated,14522265
2745900,2016-12-04 06:46:13,0xad87da14d573ba0eca7161e84765ece0c7da609538a1830c3dbb1d7a371706c8,406,0xdaec875685614297a1b81c120e8a4e7b015572cdcc98a71ae579d7f2f4d57503,0x1f5006dff7e123d550abc8a4c46792518401fcaf,0xc66ea802717bfb9833400264dd12c2bceaa34a6d,0x4e83362442b8d1bec281594cea3050c8eb01311c,328000000000000000000,MKR,MKR,18,20,1000000,20000000000,58840,941173,deprecated,14522265
2745900,2016-12-04 06:46:13,0x837e7f605033f2be30d31204495d83bfb30de1e6b563531296589fa5bf77a130,408,0xdaec875685614297a1b81c120e8a4e7b015572cdcc98a71ae579d7f2f4d57503,0x1f5006dff7e123d550abc8a4c46792518401fcaf,0xc66ea802717bfb9833400264dd12c2bceaa34a6d,0x4e83362442b8d1bec281594cea3050c8eb01311c,377000000000000000000,MKR,MKR,18,22,1000000,20000000000,58840,1049210,deprecated,14522265
2751933,2016-12-05 06:50:52,0x7df3ca08dbbe7ef7060882d91a9a9daab9d99ffc83b47909793b672bd5733345,69,0x99aec1ccdb5515062a76de8a773e63e6d7dabb6bd09f133279e983eec96a49a8,0x4e83362442b8d1bec281594cea3050c8eb01311c,0xc66ea802717bfb9833400264dd12c2bceaa34a6d,0xbea78eae4d9bb70807eecdda6b81e44ead1a5974,200000000000000000000,MKR,MKR,18,8,1000000,20000000000,193875,775875,deprecated,14516232
2751934,2016-12-05 06:51:45,0x9b0690d8aad0fbba89b794b9f5c0bcd764282251e8eed465e073f21b5f065061,70,0x35e17dc1d2a176d6d4aac38f98de7fc87f66605a0dbaae43f91de6f53aaf1df4,0x4e83362442b8d1bec281594cea3050c8eb01311c,0xc66ea802717bfb9833400264dd12c2bceaa34a6d,0xbea78eae4d9bb70807eecdda6b81e44ead1a5974,200000000000000000000,MKR,MKR,18,7,1000000,20000000000,193875,410875,deprecated,14516231
2751936,2016-12-05 06:52:16,0x5a490c1a353c090c5f47e3683a2c3d8fe9e37810a0f2c79b0163a4901d490b64,71,0xf8d0e91bab17e3d1f590c0c7035826c1692fb234852a22f0414d087de936ca02,0x4e83362442b8d1bec281594cea3050c8eb01311c,0xc66ea802717bfb9833400264dd12c2bceaa34a6d,0xbea78eae4d9bb70807eecdda6b81e44ead1a5974,178000000000000000000,MKR,MKR,18,4,1000000,20000000000,193875,298630,deprecated,14516229
2751936,2016-12-05 06:52:16,0xd4c1a3d45ae37e12df6f85a6fddbe781c662b8c637e975e521daf42ae9386f63,72,0xf8d0e91bab17e3d1f590c0c7035826c1692fb234852a22f0414d087de936ca02,0x4e83362442b8d1bec281594cea3050c8eb01311c,0xc66ea802717bfb9833400264dd12c2bceaa34a6d,0xbea78eae4d9bb70807eecdda6b81e44ead1a5974,181000000000000000000,MKR,MKR,18,8,1000000,20000000000,193875,571799,deprecated,14516229
2751955,2016-12-05 06:56:30,0xfef5af4e86c5142aeb9f602817d01243dc7fe8545dc4d5c90010f351cc18f8a7,73,0x7e3722ba9ac9baffcde12bb452507bebb03c6c5f5293f5482f403bfbdc901ee8,0x4e83362442b8d1bec281594cea3050c8eb01311c,0xc66ea802717bfb9833400264dd12c2bceaa34a6d,0xbea78eae4d9bb70807eecdda6b81e44ead1a5974,322000000000000000000,MKR,MKR,18,8,1000000,20000000000,193875,424894,deprecated,14516210
2794311,2016-12-12 06:13:19,0x6c160fb436dfff3add478e0b113a4b5a72177b460cbfefc845a28a82f1e7c572,75,0xf071d69e8cf6b953111b48aca3c2b0203e8409efd50a4c3a123ada856e12c449,0x4e83362442b8d1bec281594cea3050c8eb01311c,0xecf8f87f810ecf450940c9f60066b4a7a501d6a7,0xbea78eae4d9bb70807eecdda6b81e44ead1a5974,273030000000000000000,,,1,0,1000000,20000000000,166055,166055,deprecated,14473854
2795118,2016-12-12 09:34:27,0x3c058efd23c0fd8d529132ac5172b767a652205ee5ed4ebfa741a6ea066c6ef5,76,0xa8603f90a53d33b73b70e368f3f6656a179ebce5139be39e6df84df6c427aaf0,0xbea78eae4d9bb70807eecdda6b81e44ead1a5974,0xecf8f87f810ecf450940c9f60066b4a7a501d6a7,0x4e83362442b8d1bec281594cea3050c8eb01311c,273030000000000000000,,,1,4,1000000,20000000000,49506,178286,deprecated,14473047
2807003,2016-12-14 08:40:55,0xae6723f7c95c087489d208e6d5543beb4a9bcc1cd3b8e5ce003ec368386c9b74,78,0x12da58d724f1457986246f4c29a82d4586534c4e1e6b724a79349b3614c9857d,0x4e83362442b8d1bec281594cea3050c8eb01311c,0xecf8f87f810ecf450940c9f60066b4a7a501d6a7,0xbea78eae4d9bb70807eecdda6b81e44ead1a5974,252600000000000000000,,,1,21,1000000,20000000000,166055,882886,deprecated,14461162
